combo_id,model,label,turbo,flow_scale,h_pre,status,returncode,elapsed_seconds,new_engine_count,new_engines,stdout,stderr,removed_zero_engines
m46_4p6_t0_f1p0_h2160,46,4.6,0,1.0,2160,ok,0,0.888,0,,logs\m46_4p6_t0_f1p0_h2160.stdout.txt,logs\m46_4p6_t0_f1p0_h2160.stderr.txt,
m46_4p6_t0_f1p0_h1920,46,4.6,0,1.0,1920,ok,0,0.778,0,,logs\m46_4p6_t0_f1p0_h1920.stdout.txt,logs\m46_4p6_t0_f1p0_h1920.stderr.txt,
m46_4p6_t0_f1p0_h1608,46,4.6,0,1.0,1608,ok,0,0.682,0,,logs\m46_4p6_t0_f1p0_h1608.stdout.txt,logs\m46_4p6_t0_f1p0_h1608.stderr.txt,
m46_4p6_t0_f1p0_h1440,46,4.6,0,1.0,1440,ok,0,0.612,0,,logs\m46_4p6_t0_f1p0_h1440.stdout.txt,logs\m46_4p6_t0_f1p0_h1440.stderr.txt,
m46_4p6_t1_f1p0_h2160,46,4.6,1,1.0,2160,ok,0,0.714,0,,logs\m46_4p6_t1_f1p0_h2160.stdout.txt,logs\m46_4p6_t1_f1p0_h2160.stderr.txt,
m46_4p6_t1_f1p0_h1920,46,4.6,1,1.0,1920,ok,0,0.656,0,,logs\m46_4p6_t1_f1p0_h1920.stdout.txt,logs\m46_4p6_t1_f1p0_h1920.stderr.txt,
m46_4p6_t1_f1p0_h1608,46,4.6,1,1.0,1608,ok,0,0.617,0,,logs\m46_4p6_t1_f1p0_h1608.stdout.txt,logs\m46_4p6_t1_f1p0_h1608.stderr.txt,
m46_4p6_t1_f1p0_h1440,46,4.6,1,1.0,1440,ok,0,0.599,0,,logs\m46_4p6_t1_f1p0_h1440.stdout.txt,logs\m46_4p6_t1_f1p0_h1440.stderr.txt,
m46_4p6_t1_f0p5_h2160,46,4.6,1,0.5,2160,ok,0,81.273,1,rife/40ba6051.engine,logs\m46_4p6_t1_f0p5_h2160.stdout.txt,logs\m46_4p6_t1_f0p5_h2160.stderr.txt,
m46_4p6_t1_f0p5_h1920,46,4.6,1,0.5,1920,ok,0,0.786,0,,logs\m46_4p6_t1_f0p5_h1920.stdout.txt,logs\m46_4p6_t1_f0p5_h1920.stderr.txt,
m46_4p6_t1_f0p5_h1608,46,4.6,1,0.5,1608,ok,0,0.712,0,,logs\m46_4p6_t1_f0p5_h1608.stdout.txt,logs\m46_4p6_t1_f0p5_h1608.stderr.txt,
m46_4p6_t1_f0p5_h1440,46,4.6,1,0.5,1440,ok,0,0.66,0,,logs\m46_4p6_t1_f0p5_h1440.stdout.txt,logs\m46_4p6_t1_f0p5_h1440.stderr.txt,
m46_4p6_t1_f0p25_h2160,46,4.6,1,0.25,2160,ok,0,84.942,1,rife/c6a12b63.engine,logs\m46_4p6_t1_f0p25_h2160.stdout.txt,logs\m46_4p6_t1_f0p25_h2160.stderr.txt,
m46_4p6_t1_f0p25_h1920,46,4.6,1,0.25,1920,ok,0,0.757,0,,logs\m46_4p6_t1_f0p25_h1920.stdout.txt,logs\m46_4p6_t1_f0p25_h1920.stderr.txt,
m46_4p6_t1_f0p25_h1608,46,4.6,1,0.25,1608,ok,0,0.71,0,,logs\m46_4p6_t1_f0p25_h1608.stdout.txt,logs\m46_4p6_t1_f0p25_h1608.stderr.txt,
m46_4p6_t1_f0p25_h1440,46,4.6,1,0.25,1440,ok,0,0.678,0,,logs\m46_4p6_t1_f0p25_h1440.stdout.txt,logs\m46_4p6_t1_f0p25_h1440.stderr.txt,
m46_4p6_t2_f1p0_h2160,46,4.6,2,1.0,2160,ok,0,154.164,1,rife_v2/68381383.engine,logs\m46_4p6_t2_f1p0_h2160.stdout.txt,logs\m46_4p6_t2_f1p0_h2160.stderr.txt,
m46_4p6_t2_f1p0_h1920,46,4.6,2,1.0,1920,ok,0,136.836,1,rife_v2/f80e3905.engine,logs\m46_4p6_t2_f1p0_h1920.stdout.txt,logs\m46_4p6_t2_f1p0_h1920.stderr.txt,
m46_4p6_t2_f1p0_h1608,46,4.6,2,1.0,1608,ok,0,112.216,1,rife_v2/ad1da8b.engine,logs\m46_4p6_t2_f1p0_h1608.stdout.txt,logs\m46_4p6_t2_f1p0_h1608.stderr.txt,
m46_4p6_t2_f1p0_h1440,46,4.6,2,1.0,1440,ok,0,100.091,1,rife_v2/d61f910c.engine,logs\m46_4p6_t2_f1p0_h1440.stdout.txt,logs\m46_4p6_t2_f1p0_h1440.stderr.txt,
m46_4p6_t2_f0p5_h2160,46,4.6,2,0.5,2160,failed,1,0.191,0,,logs\m46_4p6_t2_f0p5_h2160.stdout.txt,logs\m46_4p6_t2_f0p5_h2160.stderr.txt,
m46_4p6_t2_f0p5_h1920,46,4.6,2,0.5,1920,failed,1,0.195,0,,logs\m46_4p6_t2_f0p5_h1920.stdout.txt,logs\m46_4p6_t2_f0p5_h1920.stderr.txt,
m46_4p6_t2_f0p5_h1608,46,4.6,2,0.5,1608,failed,1,0.189,0,,logs\m46_4p6_t2_f0p5_h1608.stdout.txt,logs\m46_4p6_t2_f0p5_h1608.stderr.txt,
m46_4p6_t2_f0p5_h1440,46,4.6,2,0.5,1440,failed,1,0.192,0,,logs\m46_4p6_t2_f0p5_h1440.stdout.txt,logs\m46_4p6_t2_f0p5_h1440.stderr.txt,
m46_4p6_t2_f0p25_h2160,46,4.6,2,0.25,2160,failed,1,0.178,0,,logs\m46_4p6_t2_f0p25_h2160.stdout.txt,logs\m46_4p6_t2_f0p25_h2160.stderr.txt,
m46_4p6_t2_f0p25_h1920,46,4.6,2,0.25,1920,failed,1,0.188,0,,logs\m46_4p6_t2_f0p25_h1920.stdout.txt,logs\m46_4p6_t2_f0p25_h1920.stderr.txt,
m46_4p6_t2_f0p25_h1608,46,4.6,2,0.25,1608,failed,1,0.194,0,,logs\m46_4p6_t2_f0p25_h1608.stdout.txt,logs\m46_4p6_t2_f0p25_h1608.stderr.txt,
m46_4p6_t2_f0p25_h1440,46,4.6,2,0.25,1440,failed,1,0.194,0,,logs\m46_4p6_t2_f0p25_h1440.stdout.txt,logs\m46_4p6_t2_f0p25_h1440.stderr.txt,
m4151_4p15_lite_t0_f1p0_h2160,4151,4.15 lite,0,1.0,2160,ok,0,88.987,1,rife/8e947ba2.engine,logs\m4151_4p15_lite_t0_f1p0_h2160.stdout.txt,logs\m4151_4p15_lite_t0_f1p0_h2160.stderr.txt,
m4151_4p15_lite_t0_f1p0_h1920,4151,4.15 lite,0,1.0,1920,ok,0,0.958,0,,logs\m4151_4p15_lite_t0_f1p0_h1920.stdout.txt,logs\m4151_4p15_lite_t0_f1p0_h1920.stderr.txt,
m4151_4p15_lite_t0_f1p0_h1608,4151,4.15 lite,0,1.0,1608,ok,0,0.752,0,,logs\m4151_4p15_lite_t0_f1p0_h1608.stdout.txt,logs\m4151_4p15_lite_t0_f1p0_h1608.stderr.txt,
m4151_4p15_lite_t0_f1p0_h1440,4151,4.15 lite,0,1.0,1440,ok,0,0.709,0,,logs\m4151_4p15_lite_t0_f1p0_h1440.stdout.txt,logs\m4151_4p15_lite_t0_f1p0_h1440.stderr.txt,
m4151_4p15_lite_t1_f1p0_h2160,4151,4.15 lite,1,1.0,2160,ok,0,76.922,1,rife/43526926.engine,logs\m4151_4p15_lite_t1_f1p0_h2160.stdout.txt,logs\m4151_4p15_lite_t1_f1p0_h2160.stderr.txt,
m4151_4p15_lite_t1_f1p0_h1920,4151,4.15 lite,1,1.0,1920,ok,0,0.71,0,,logs\m4151_4p15_lite_t1_f1p0_h1920.stdout.txt,logs\m4151_4p15_lite_t1_f1p0_h1920.stderr.txt,
m4151_4p15_lite_t1_f1p0_h1608,4151,4.15 lite,1,1.0,1608,ok,0,0.647,0,,logs\m4151_4p15_lite_t1_f1p0_h1608.stdout.txt,logs\m4151_4p15_lite_t1_f1p0_h1608.stderr.txt,
m4151_4p15_lite_t1_f1p0_h1440,4151,4.15 lite,1,1.0,1440,ok,0,0.597,0,,logs\m4151_4p15_lite_t1_f1p0_h1440.stdout.txt,logs\m4151_4p15_lite_t1_f1p0_h1440.stderr.txt,
m4151_4p15_lite_t2_f1p0_h2160,4151,4.15 lite,2,1.0,2160,ok,0,0.641,0,,logs\m4151_4p15_lite_t2_f1p0_h2160.stdout.txt,logs\m4151_4p15_lite_t2_f1p0_h2160.stderr.txt,
m4151_4p15_lite_t2_f1p0_h1920,4151,4.15 lite,2,1.0,1920,ok,0,104.634,1,rife_v2/1b948657.engine,logs\m4151_4p15_lite_t2_f1p0_h1920.stdout.txt,logs\m4151_4p15_lite_t2_f1p0_h1920.stderr.txt,
m4151_4p15_lite_t2_f1p0_h1608,4151,4.15 lite,2,1.0,1608,ok,0,80.708,1,rife_v2/17262eed.engine,logs\m4151_4p15_lite_t2_f1p0_h1608.stdout.txt,logs\m4151_4p15_lite_t2_f1p0_h1608.stderr.txt,
m4151_4p15_lite_t2_f1p0_h1440,4151,4.15 lite,2,1.0,1440,ok,0,78.817,1,rife_v2/5b3cfa18.engine,logs\m4151_4p15_lite_t2_f1p0_h1440.stdout.txt,logs\m4151_4p15_lite_t2_f1p0_h1440.stderr.txt,
m422_4p22_t0_f1p0_h2160,422,4.22,0,1.0,2160,ok,0,84.023,1,rife/3c2da2d8.engine,logs\m422_4p22_t0_f1p0_h2160.stdout.txt,logs\m422_4p22_t0_f1p0_h2160.stderr.txt,
m422_4p22_t0_f1p0_h1920,422,4.22,0,1.0,1920,ok,0,0.796,0,,logs\m422_4p22_t0_f1p0_h1920.stdout.txt,logs\m422_4p22_t0_f1p0_h1920.stderr.txt,
m422_4p22_t0_f1p0_h1608,422,4.22,0,1.0,1608,ok,0,0.703,0,,logs\m422_4p22_t0_f1p0_h1608.stdout.txt,logs\m422_4p22_t0_f1p0_h1608.stderr.txt,
m422_4p22_t0_f1p0_h1440,422,4.22,0,1.0,1440,ok,0,0.637,0,,logs\m422_4p22_t0_f1p0_h1440.stdout.txt,logs\m422_4p22_t0_f1p0_h1440.stderr.txt,
m422_4p22_t1_f1p0_h2160,422,4.22,1,1.0,2160,ok,0,0.867,0,,logs\m422_4p22_t1_f1p0_h2160.stdout.txt,logs\m422_4p22_t1_f1p0_h2160.stderr.txt,
m422_4p22_t1_f1p0_h1920,422,4.22,1,1.0,1920,ok,0,0.798,0,,logs\m422_4p22_t1_f1p0_h1920.stdout.txt,logs\m422_4p22_t1_f1p0_h1920.stderr.txt,
m422_4p22_t1_f1p0_h1608,422,4.22,1,1.0,1608,ok,0,0.7,0,,logs\m422_4p22_t1_f1p0_h1608.stdout.txt,logs\m422_4p22_t1_f1p0_h1608.stderr.txt,
m422_4p22_t1_f1p0_h1440,422,4.22,1,1.0,1440,ok,0,0.663,0,,logs\m422_4p22_t1_f1p0_h1440.stdout.txt,logs\m422_4p22_t1_f1p0_h1440.stderr.txt,
m422_4p22_t2_f1p0_h2160,422,4.22,2,1.0,2160,ok,0,164.01,1,rife_v2/eeea150f.engine,logs\m422_4p22_t2_f1p0_h2160.stdout.txt,logs\m422_4p22_t2_f1p0_h2160.stderr.txt,
m422_4p22_t2_f1p0_h1920,422,4.22,2,1.0,1920,ok,0,132.694,1,rife_v2/a8e44e07.engine,logs\m422_4p22_t2_f1p0_h1920.stdout.txt,logs\m422_4p22_t2_f1p0_h1920.stderr.txt,
m422_4p22_t2_f1p0_h1608,422,4.22,2,1.0,1608,ok,0,108.072,1,rife_v2/a456e6bd.engine,logs\m422_4p22_t2_f1p0_h1608.stdout.txt,logs\m422_4p22_t2_f1p0_h1608.stderr.txt,
m422_4p22_t2_f1p0_h1440,422,4.22,2,1.0,1440,ok,0,95.465,1,rife_v2/e84c3248.engine,logs\m422_4p22_t2_f1p0_h1440.stdout.txt,logs\m422_4p22_t2_f1p0_h1440.stderr.txt,
m4221_4p22_lite_t0_f1p0_h2160,4221,4.22 lite,0,1.0,2160,ok,0,76.06,1,rife/edafc0c6.engine,logs\m4221_4p22_lite_t0_f1p0_h2160.stdout.txt,logs\m4221_4p22_lite_t0_f1p0_h2160.stderr.txt,
m4221_4p22_lite_t0_f1p0_h1920,4221,4.22 lite,0,1.0,1920,ok,0,0.745,0,,logs\m4221_4p22_lite_t0_f1p0_h1920.stdout.txt,logs\m4221_4p22_lite_t0_f1p0_h1920.stderr.txt,
m4221_4p22_lite_t0_f1p0_h1608,4221,4.22 lite,0,1.0,1608,ok,0,0.674,0,,logs\m4221_4p22_lite_t0_f1p0_h1608.stdout.txt,logs\m4221_4p22_lite_t0_f1p0_h1608.stderr.txt,
m4221_4p22_lite_t0_f1p0_h1440,4221,4.22 lite,0,1.0,1440,ok,0,0.621,0,,logs\m4221_4p22_lite_t0_f1p0_h1440.stdout.txt,logs\m4221_4p22_lite_t0_f1p0_h1440.stderr.txt,
m4221_4p22_lite_t1_f1p0_h2160,4221,4.22 lite,1,1.0,2160,ok,0,0.798,0,,logs\m4221_4p22_lite_t1_f1p0_h2160.stdout.txt,logs\m4221_4p22_lite_t1_f1p0_h2160.stderr.txt,
m4221_4p22_lite_t1_f1p0_h1920,4221,4.22 lite,1,1.0,1920,ok,0,0.748,0,,logs\m4221_4p22_lite_t1_f1p0_h1920.stdout.txt,logs\m4221_4p22_lite_t1_f1p0_h1920.stderr.txt,
m4221_4p22_lite_t1_f1p0_h1608,4221,4.22 lite,1,1.0,1608,ok,0,0.665,0,,logs\m4221_4p22_lite_t1_f1p0_h1608.stdout.txt,logs\m4221_4p22_lite_t1_f1p0_h1608.stderr.txt,
m4221_4p22_lite_t1_f1p0_h1440,4221,4.22 lite,1,1.0,1440,ok,0,0.624,0,,logs\m4221_4p22_lite_t1_f1p0_h1440.stdout.txt,logs\m4221_4p22_lite_t1_f1p0_h1440.stderr.txt,
m4221_4p22_lite_t2_f1p0_h2160,4221,4.22 lite,2,1.0,2160,ok,0,127.569,1,rife_v2/d4617984.engine,logs\m4221_4p22_lite_t2_f1p0_h2160.stdout.txt,logs\m4221_4p22_lite_t2_f1p0_h2160.stderr.txt,
m4221_4p22_lite_t2_f1p0_h1920,4221,4.22 lite,2,1.0,1920,ok,0,108.917,1,rife_v2/926f228c.engine,logs\m4221_4p22_lite_t2_f1p0_h1920.stdout.txt,logs\m4221_4p22_lite_t2_f1p0_h1920.stderr.txt,
m4221_4p22_lite_t2_f1p0_h1608,4221,4.22 lite,2,1.0,1608,ok,0,91.114,1,rife_v2/9edd8a36.engine,logs\m4221_4p22_lite_t2_f1p0_h1608.stdout.txt,logs\m4221_4p22_lite_t2_f1p0_h1608.stderr.txt,
m4221_4p22_lite_t2_f1p0_h1440,4221,4.22 lite,2,1.0,1440,ok,0,78.848,1,rife_v2/d2c75ec3.engine,logs\m4221_4p22_lite_t2_f1p0_h1440.stdout.txt,logs\m4221_4p22_lite_t2_f1p0_h1440.stderr.txt,
m4251_4p25_lite_t0_f1p0_h2160,4251,4.25 lite,0,1.0,2160,ok,0,0.889,0,,logs\m4251_4p25_lite_t0_f1p0_h2160.stdout.txt,logs\m4251_4p25_lite_t0_f1p0_h2160.stderr.txt,
m4251_4p25_lite_t0_f1p0_h1920,4251,4.25 lite,0,1.0,1920,ok,0,0.798,0,,logs\m4251_4p25_lite_t0_f1p0_h1920.stdout.txt,logs\m4251_4p25_lite_t0_f1p0_h1920.stderr.txt,
m4251_4p25_lite_t0_f1p0_h1608,4251,4.25 lite,0,1.0,1608,ok,0,0.719,0,,logs\m4251_4p25_lite_t0_f1p0_h1608.stdout.txt,logs\m4251_4p25_lite_t0_f1p0_h1608.stderr.txt,
m4251_4p25_lite_t0_f1p0_h1440,4251,4.25 lite,0,1.0,1440,ok,0,0.672,0,,logs\m4251_4p25_lite_t0_f1p0_h1440.stdout.txt,logs\m4251_4p25_lite_t0_f1p0_h1440.stderr.txt,
m4251_4p25_lite_t1_f1p0_h2160,4251,4.25 lite,1,1.0,2160,ok,0,0.837,0,,logs\m4251_4p25_lite_t1_f1p0_h2160.stdout.txt,logs\m4251_4p25_lite_t1_f1p0_h2160.stderr.txt,
m4251_4p25_lite_t1_f1p0_h1920,4251,4.25 lite,1,1.0,1920,ok,0,0.797,0,,logs\m4251_4p25_lite_t1_f1p0_h1920.stdout.txt,logs\m4251_4p25_lite_t1_f1p0_h1920.stderr.txt,
m4251_4p25_lite_t1_f1p0_h1608,4251,4.25 lite,1,1.0,1608,ok,0,0.705,0,,logs\m4251_4p25_lite_t1_f1p0_h1608.stdout.txt,logs\m4251_4p25_lite_t1_f1p0_h1608.stderr.txt,
m4251_4p25_lite_t1_f1p0_h1440,4251,4.25 lite,1,1.0,1440,ok,0,0.666,0,,logs\m4251_4p25_lite_t1_f1p0_h1440.stdout.txt,logs\m4251_4p25_lite_t1_f1p0_h1440.stderr.txt,
m4251_4p25_lite_t2_f1p0_h2160,4251,4.25 lite,2,1.0,2160,ok,0,119.483,1,rife_v2/5ba567e5.engine,logs\m4251_4p25_lite_t2_f1p0_h2160.stdout.txt,logs\m4251_4p25_lite_t2_f1p0_h2160.stderr.txt,
m4251_4p25_lite_t2_f1p0_h1920,4251,4.25 lite,2,1.0,1920,ok,0,104.905,1,rife_v2/1dab3ced.engine,logs\m4251_4p25_lite_t2_f1p0_h1920.stdout.txt,logs\m4251_4p25_lite_t2_f1p0_h1920.stderr.txt,
m4251_4p25_lite_t2_f1p0_h1608,4251,4.25 lite,2,1.0,1608,ok,0,90.141,1,rife_v2/11199457.engine,logs\m4251_4p25_lite_t2_f1p0_h1608.stdout.txt,logs\m4251_4p25_lite_t2_f1p0_h1608.stderr.txt,
m4251_4p25_lite_t2_f1p0_h1440,4251,4.25 lite,2,1.0,1440,ok,0,86.496,1,rife_v2/5d0340a2.engine,logs\m4251_4p25_lite_t2_f1p0_h1440.stdout.txt,logs\m4251_4p25_lite_t2_f1p0_h1440.stderr.txt,
m426_4p26_t0_f1p0_h2160,426,4.26,0,1.0,2160,ok,0,85.851,1,rife/b420b05.engine,logs\m426_4p26_t0_f1p0_h2160.stdout.txt,logs\m426_4p26_t0_f1p0_h2160.stderr.txt,
m426_4p26_t0_f1p0_h1920,426,4.26,0,1.0,1920,ok,0,0.802,0,,logs\m426_4p26_t0_f1p0_h1920.stdout.txt,logs\m426_4p26_t0_f1p0_h1920.stderr.txt,
m426_4p26_t0_f1p0_h1608,426,4.26,0,1.0,1608,ok,0,0.718,0,,logs\m426_4p26_t0_f1p0_h1608.stdout.txt,logs\m426_4p26_t0_f1p0_h1608.stderr.txt,
m426_4p26_t0_f1p0_h1440,426,4.26,0,1.0,1440,ok,0,0.679,0,,logs\m426_4p26_t0_f1p0_h1440.stdout.txt,logs\m426_4p26_t0_f1p0_h1440.stderr.txt,
m426_4p26_t1_f1p0_h2160,426,4.26,1,1.0,2160,ok,0,0.885,0,,logs\m426_4p26_t1_f1p0_h2160.stdout.txt,logs\m426_4p26_t1_f1p0_h2160.stderr.txt,
m426_4p26_t1_f1p0_h1920,426,4.26,1,1.0,1920,ok,0,0.831,0,,logs\m426_4p26_t1_f1p0_h1920.stdout.txt,logs\m426_4p26_t1_f1p0_h1920.stderr.txt,
m426_4p26_t1_f1p0_h1608,426,4.26,1,1.0,1608,ok,0,0.708,0,,logs\m426_4p26_t1_f1p0_h1608.stdout.txt,logs\m426_4p26_t1_f1p0_h1608.stderr.txt,
m426_4p26_t1_f1p0_h1440,426,4.26,1,1.0,1440,ok,0,0.668,0,,logs\m426_4p26_t1_f1p0_h1440.stdout.txt,logs\m426_4p26_t1_f1p0_h1440.stderr.txt,
m426_4p26_t2_f1p0_h2160,426,4.26,2,1.0,2160,ok,0,135.35,1,rife_v2/afc281c1.engine,logs\m426_4p26_t2_f1p0_h2160.stdout.txt,logs\m426_4p26_t2_f1p0_h2160.stderr.txt,
m426_4p26_t2_f1p0_h1920,426,4.26,2,1.0,1920,ok,0,118.216,1,rife_v2/e9ccdac9.engine,logs\m426_4p26_t2_f1p0_h1920.stdout.txt,logs\m426_4p26_t2_f1p0_h1920.stderr.txt,
m426_4p26_t2_f1p0_h1608,426,4.26,2,1.0,1608,ok,0,100.78,1,rife_v2/e57e7273.engine,logs\m426_4p26_t2_f1p0_h1608.stdout.txt,logs\m426_4p26_t2_f1p0_h1608.stderr.txt,
m426_4p26_t2_f1p0_h1440,426,4.26,2,1.0,1440,ok,0,89.773,1,rife_v2/a964a686.engine,logs\m426_4p26_t2_f1p0_h1440.stdout.txt,logs\m426_4p26_t2_f1p0_h1440.stderr.txt,
m4262_4p26_heavy_t0_f1p0_h2160,4262,4.26 heavy,0,1.0,2160,ok,0,90.395,1,rife/33cbb605.engine,logs\m4262_4p26_heavy_t0_f1p0_h2160.stdout.txt,logs\m4262_4p26_heavy_t0_f1p0_h2160.stderr.txt,
m4262_4p26_heavy_t0_f1p0_h1920,4262,4.26 heavy,0,1.0,1920,ok,0,0.902,0,,logs\m4262_4p26_heavy_t0_f1p0_h1920.stdout.txt,logs\m4262_4p26_heavy_t0_f1p0_h1920.stderr.txt,
m4262_4p26_heavy_t0_f1p0_h1608,4262,4.26 heavy,0,1.0,1608,ok,0,0.8,0,,logs\m4262_4p26_heavy_t0_f1p0_h1608.stdout.txt,logs\m4262_4p26_heavy_t0_f1p0_h1608.stderr.txt,
m4262_4p26_heavy_t0_f1p0_h1440,4262,4.26 heavy,0,1.0,1440,ok,0,0.719,0,,logs\m4262_4p26_heavy_t0_f1p0_h1440.stdout.txt,logs\m4262_4p26_heavy_t0_f1p0_h1440.stderr.txt,
m4262_4p26_heavy_t1_f1p0_h2160,4262,4.26 heavy,1,1.0,2160,ok,0,0.981,0,,logs\m4262_4p26_heavy_t1_f1p0_h2160.stdout.txt,logs\m4262_4p26_heavy_t1_f1p0_h2160.stderr.txt,
m4262_4p26_heavy_t1_f1p0_h1920,4262,4.26 heavy,1,1.0,1920,ok,0,0.873,0,,logs\m4262_4p26_heavy_t1_f1p0_h1920.stdout.txt,logs\m4262_4p26_heavy_t1_f1p0_h1920.stderr.txt,
m4262_4p26_heavy_t1_f1p0_h1608,4262,4.26 heavy,1,1.0,1608,ok,0,0.792,0,,logs\m4262_4p26_heavy_t1_f1p0_h1608.stdout.txt,logs\m4262_4p26_heavy_t1_f1p0_h1608.stderr.txt,
m4262_4p26_heavy_t1_f1p0_h1440,4262,4.26 heavy,1,1.0,1440,ok,0,0.741,0,,logs\m4262_4p26_heavy_t1_f1p0_h1440.stdout.txt,logs\m4262_4p26_heavy_t1_f1p0_h1440.stderr.txt,
m4262_4p26_heavy_t2_f1p0_h2160,4262,4.26 heavy,2,1.0,2160,ok,0,145.404,1,rife_v2/9f8cdbcc.engine,logs\m4262_4p26_heavy_t2_f1p0_h2160.stdout.txt,logs\m4262_4p26_heavy_t2_f1p0_h2160.stderr.txt,
m4262_4p26_heavy_t2_f1p0_h1920,4262,4.26 heavy,2,1.0,1920,ok,0,120.361,1,rife_v2/f869aa63.engine,logs\m4262_4p26_heavy_t2_f1p0_h1920.stdout.txt,logs\m4262_4p26_heavy_t2_f1p0_h1920.stderr.txt,
m4262_4p26_heavy_t2_f1p0_h1608,4262,4.26 heavy,2,1.0,1608,ok,0,97.132,1,rife_v2/fcda28a8.engine,logs\m4262_4p26_heavy_t2_f1p0_h1608.stdout.txt,logs\m4262_4p26_heavy_t2_f1p0_h1608.stderr.txt,
m4262_4p26_heavy_t2_f1p0_h1440,4262,4.26 heavy,2,1.0,1440,ok,0,87.546,1,rife_v2/8f1e8389.engine,logs\m4262_4p26_heavy_t2_f1p0_h1440.stdout.txt,logs\m4262_4p26_heavy_t2_f1p0_h1440.stderr.txt,
m47_4p7_t0_f1p0_h2160,47,4.7,0,1.0,2160,ok,0,60.435,1,rife/eb44cd03.engine,logs\m47_4p7_t0_f1p0_h2160.stdout.txt,logs\m47_4p7_t0_f1p0_h2160.stderr.txt,
m47_4p7_t0_f1p0_h1920,47,4.7,0,1.0,1920,ok,0,0.715,0,,logs\m47_4p7_t0_f1p0_h1920.stdout.txt,logs\m47_4p7_t0_f1p0_h1920.stderr.txt,
m47_4p7_t0_f1p0_h1608,47,4.7,0,1.0,1608,ok,0,0.635,0,,logs\m47_4p7_t0_f1p0_h1608.stdout.txt,logs\m47_4p7_t0_f1p0_h1608.stderr.txt,
m47_4p7_t0_f1p0_h1440,47,4.7,0,1.0,1440,ok,0,0.586,0,,logs\m47_4p7_t0_f1p0_h1440.stdout.txt,logs\m47_4p7_t0_f1p0_h1440.stderr.txt,
m47_4p7_t1_f1p0_h2160,47,4.7,1,1.0,2160,ok,0,0.749,0,,logs\m47_4p7_t1_f1p0_h2160.stdout.txt,logs\m47_4p7_t1_f1p0_h2160.stderr.txt,
m47_4p7_t1_f1p0_h1920,47,4.7,1,1.0,1920,ok,0,0.729,0,,logs\m47_4p7_t1_f1p0_h1920.stdout.txt,logs\m47_4p7_t1_f1p0_h1920.stderr.txt,
m47_4p7_t1_f1p0_h1608,47,4.7,1,1.0,1608,ok,0,0.61,0,,logs\m47_4p7_t1_f1p0_h1608.stdout.txt,logs\m47_4p7_t1_f1p0_h1608.stderr.txt,
m47_4p7_t1_f1p0_h1440,47,4.7,1,1.0,1440,ok,0,0.576,0,,logs\m47_4p7_t1_f1p0_h1440.stdout.txt,logs\m47_4p7_t1_f1p0_h1440.stderr.txt,
m47_4p7_t2_f1p0_h2160,47,4.7,2,1.0,2160,ok,0,108.68,1,rife_v2/a78c8baa.engine,logs\m47_4p7_t2_f1p0_h2160.stdout.txt,logs\m47_4p7_t2_f1p0_h2160.stderr.txt,
m47_4p7_t2_f1p0_h1920,47,4.7,2,1.0,1920,ok,0,91.848,1,rife_v2/e182d0a2.engine,logs\m47_4p7_t2_f1p0_h1920.stdout.txt,logs\m47_4p7_t2_f1p0_h1920.stderr.txt,
m47_4p7_t2_f1p0_h1608,47,4.7,2,1.0,1608,ok,0,69.563,1,rife_v2/ed307818.engine,logs\m47_4p7_t2_f1p0_h1608.stdout.txt,logs\m47_4p7_t2_f1p0_h1608.stderr.txt,
m47_4p7_t2_f1p0_h1440,47,4.7,2,1.0,1440,ok,0,59.92,1,rife_v2/a12aaced.engine,logs\m47_4p7_t2_f1p0_h1440.stdout.txt,logs\m47_4p7_t2_f1p0_h1440.stderr.txt,
m48_4p8_t0_f1p0_h2160,48,4.8,0,1.0,2160,ok,0,57.634,1,rife/aaa7f76b.engine,logs\m48_4p8_t0_f1p0_h2160.stdout.txt,logs\m48_4p8_t0_f1p0_h2160.stderr.txt,
m48_4p8_t0_f1p0_h1920,48,4.8,0,1.0,1920,ok,0,0.728,0,,logs\m48_4p8_t0_f1p0_h1920.stdout.txt,logs\m48_4p8_t0_f1p0_h1920.stderr.txt,
m48_4p8_t0_f1p0_h1608,48,4.8,0,1.0,1608,ok,0,0.639,0,,logs\m48_4p8_t0_f1p0_h1608.stdout.txt,logs\m48_4p8_t0_f1p0_h1608.stderr.txt,
m48_4p8_t0_f1p0_h1440,48,4.8,0,1.0,1440,ok,0,0.599,0,,logs\m48_4p8_t0_f1p0_h1440.stdout.txt,logs\m48_4p8_t0_f1p0_h1440.stderr.txt,
m48_4p8_t1_f1p0_h2160,48,4.8,1,1.0,2160,ok,0,0.767,0,,logs\m48_4p8_t1_f1p0_h2160.stdout.txt,logs\m48_4p8_t1_f1p0_h2160.stderr.txt,
m48_4p8_t1_f1p0_h1920,48,4.8,1,1.0,1920,ok,0,0.71,0,,logs\m48_4p8_t1_f1p0_h1920.stdout.txt,logs\m48_4p8_t1_f1p0_h1920.stderr.txt,
m48_4p8_t1_f1p0_h1608,48,4.8,1,1.0,1608,ok,0,0.647,0,,logs\m48_4p8_t1_f1p0_h1608.stdout.txt,logs\m48_4p8_t1_f1p0_h1608.stderr.txt,
m48_4p8_t1_f1p0_h1440,48,4.8,1,1.0,1440,ok,0,0.588,0,,logs\m48_4p8_t1_f1p0_h1440.stdout.txt,logs\m48_4p8_t1_f1p0_h1440.stderr.txt,
m48_4p8_t2_f1p0_h2160,48,4.8,2,1.0,2160,ok,0,109.305,1,rife_v2/b57e9fe1.engine,logs\m48_4p8_t2_f1p0_h2160.stdout.txt,logs\m48_4p8_t2_f1p0_h2160.stderr.txt,
m48_4p8_t2_f1p0_h1920,48,4.8,2,1.0,1920,ok,0,90.866,1,rife_v2/f370c4e9.engine,logs\m48_4p8_t2_f1p0_h1920.stdout.txt,logs\m48_4p8_t2_f1p0_h1920.stderr.txt,
m48_4p8_t2_f1p0_h1608,48,4.8,2,1.0,1608,ok,0,76.357,1,rife_v2/ffc26c53.engine,logs\m48_4p8_t2_f1p0_h1608.stdout.txt,logs\m48_4p8_t2_f1p0_h1608.stderr.txt,
m48_4p8_t2_f1p0_h1440,48,4.8,2,1.0,1440,ok,0,65.913,1,rife_v2/b3d8b8a6.engine,logs\m48_4p8_t2_f1p0_h1440.stdout.txt,logs\m48_4p8_t2_f1p0_h1440.stderr.txt,
m49_4p9_t0_f1p0_h2160,49,4.9,0,1.0,2160,ok,0,62.277,1,rife/e57ae368.engine,logs\m49_4p9_t0_f1p0_h2160.stdout.txt,logs\m49_4p9_t0_f1p0_h2160.stderr.txt,
m49_4p9_t0_f1p0_h1920,49,4.9,0,1.0,1920,ok,0,0.738,0,,logs\m49_4p9_t0_f1p0_h1920.stdout.txt,logs\m49_4p9_t0_f1p0_h1920.stderr.txt,
m49_4p9_t0_f1p0_h1608,49,4.9,0,1.0,1608,ok,0,0.646,0,,logs\m49_4p9_t0_f1p0_h1608.stdout.txt,logs\m49_4p9_t0_f1p0_h1608.stderr.txt,
m49_4p9_t0_f1p0_h1440,49,4.9,0,1.0,1440,ok,0,0.609,0,,logs\m49_4p9_t0_f1p0_h1440.stdout.txt,logs\m49_4p9_t0_f1p0_h1440.stderr.txt,
m49_4p9_t1_f1p0_h2160,49,4.9,1,1.0,2160,ok,0,0.767,0,,logs\m49_4p9_t1_f1p0_h2160.stdout.txt,logs\m49_4p9_t1_f1p0_h2160.stderr.txt,
m49_4p9_t1_f1p0_h1920,49,4.9,1,1.0,1920,ok,0,0.724,0,,logs\m49_4p9_t1_f1p0_h1920.stdout.txt,logs\m49_4p9_t1_f1p0_h1920.stderr.txt,
m49_4p9_t1_f1p0_h1608,49,4.9,1,1.0,1608,ok,0,0.654,0,,logs\m49_4p9_t1_f1p0_h1608.stdout.txt,logs\m49_4p9_t1_f1p0_h1608.stderr.txt,
m49_4p9_t1_f1p0_h1440,49,4.9,1,1.0,1440,ok,0,0.595,0,,logs\m49_4p9_t1_f1p0_h1440.stdout.txt,logs\m49_4p9_t1_f1p0_h1440.stderr.txt,
m49_4p9_t2_f1p0_h2160,49,4.9,2,1.0,2160,ok,0,107.54,1,rife_v2/3c1922.engine,logs\m49_4p9_t2_f1p0_h2160.stdout.txt,logs\m49_4p9_t2_f1p0_h2160.stderr.txt,
m49_4p9_t2_f1p0_h1920,49,4.9,2,1.0,1920,ok,0,92.918,1,rife_v2/4632422a.engine,logs\m49_4p9_t2_f1p0_h1920.stdout.txt,logs\m49_4p9_t2_f1p0_h1920.stderr.txt,
m49_4p9_t2_f1p0_h1608,49,4.9,2,1.0,1608,ok,0,76.21,1,rife_v2/4a80ea90.engine,logs\m49_4p9_t2_f1p0_h1608.stdout.txt,logs\m49_4p9_t2_f1p0_h1608.stderr.txt,
m49_4p9_t2_f1p0_h1440,49,4.9,2,1.0,1440,ok,0,67.633,1,rife_v2/69a3e65.engine,logs\m49_4p9_t2_f1p0_h1440.stdout.txt,logs\m49_4p9_t2_f1p0_h1440.stderr.txt,
